abc;dfe;123
ury;odi;678
abc;dfe;123
ury;odi;678
abc;dfe;123
ury;odi;678
kjf;ort;748
orc;lox;0987
abc;dfe;123
ury;odi;678
abc;dfe;123
ury;odi;678
abc;dfe;123
ury;odi;678
kjf;ort;748
orc;lox;0987
abc;dfe;123
ury;odi;678
abc;dfe;123
ury;odi;678
abc;dfe;123
ury;odi;678
abc;dfe;123
ury;odi;678
abc;dfe;123
ury;odi;678
abc;dfe;123
ury;odi;678
abc;dfe;123
ury;odi;678
abc;dfe;123
ury;odi;678
abc;dfe;123
ury;odi;678
abc;dfe;123
ury;odi;678
abc;dfe;123
ury;odi;678
kjf;ort;748
orc;lox;0987
abc;dfe;123
ury;odi;678
abc;dfe;123
ury;odi;678
abc;dfe;123
ury;odi;678
kjf;ort;748
orc;lox;0987
abc;dfe;123
ury;odi;678
abc;dfe;123
ury;odi;678
abc;dfe;123
ury;odi;678
kjf;ort;748
orc;lox;0987
abc;dfe;123
ury;odi;678
abc;dfe;123
ury;odi;678
abc;dfe;123
ury;odi;678
kjf;ort;748
orc;lox;0987
abc;dfe;123
ury;odi;678
abc;dfe;123
ury;odi;678
abc;dfe;123
ury;odi;678
abc;dfe;123
ury;odi;678
abc;dfe;123
ury;odi;678
abc;dfe;123
ury;odi;678
abc;dfe;123
ury;odi;678
abc;dfe;123
ury;odi;678
abc;dfe;123
ury;odi;678
abc;dfe;123
ury;odi;678
abc;dfe;123
ury;odi;678
kjf;ort;748
orc;lox;0987
abc;dfe;123
ury;odi;678
abc;dfe;123
ury;odi;678
abc;dfe;123
ury;odi;678
kjf;ort;748
orc;lox;0987
abc;dfe;123
ury;odi;678
abc;dfe;123
ury;odi;678
abc;dfe;123
ury;odi;678
kjf;ort;748
orc;lox;0987
abc;dfe;123
ury;odi;678
abc;dfe;123
ury;odi;678
abc;dfe;123
ury;odi;678
kjf;ort;748
orc;lox;0987
abc;dfe;123
ury;odi;678
abc;dfe;123
ury;odi;678
abc;dfe;123
ury;odi;678
abc;dfe;123
ury;odi;678
abc;dfe;123
ury;odi;678
abc;dfe;123
ury;odi;678
abc;dfe;123
ury;odi;678
abc;dfe;123
ury;odi;678
abc;dfe;123
ury;odi;678
abc;dfe;123
ury;odi;678
abc;dfe;123
ury;odi;678
kjf;ort;748
orc;lox;0987
abc;dfe;123
ury;odi;678
abc;dfe;123
ury;odi;678
abc;dfe;123
ury;odi;678
kjf;ort;748
orc;lox;0987
abc;dfe;123
ury;odi;678
abc;dfe;123
ury;odi;678
abc;dfe;123
ury;odi;678
kjf;ort;748
orc;lox;0987
abc;dfe;123
ury;odi;678
abc;dfe;123
ury;odi;678
abc;dfe;123
ury;odi;678
kjf;ort;748
orc;lox;0987
abc;dfe;123
ury;odi;678
abc;dfe;123
ury;odi;678
abc;dfe;123
ury;odi;678
abc;dfe;123
ury;odi;678
abc;dfe;123
ury;odi;678
abc;dfe;123
ury;odi;678
abc;dfe;123
ury;odi;678
abc;dfe;123
ury;odi;678
abc;dfe;123
ury;odi;678
abc;dfe;123
ury;odi;678
abc;dfe;123
ury;odi;678
kjf;ort;748
orc;lox;0987
abc;dfe;123
ury;odi;678
abc;dfe;123
ury;odi;678
abc;dfe;123
ury;odi;678
kjf;ort;748
orc;lox;0987
abc;dfe;123
ury;odi;678
abc;dfe;123
ury;odi;678
abc;dfe;123
ury;odi;678
kjf;ort;748
orc;lox;0987
abc;dfe;123
ury;odi;678
abc;dfe;123
ury;odi;678
abc;dfe;123
ury;odi;678
kjf;ort;748
orc;lox;0987
abc;dfe;123
ury;odi;678
abc;dfe;123
ury;odi;678
abc;dfe;123
ury;odi;678
abc;dfe;123
ury;odi;678
abc;dfe;123
ury;odi;678
abc;dfe;123
ury;odi;678
abc;dfe;123
ury;odi;678
abc;dfe;123
ury;odi;678
abc;dfe;123
ury;odi;678
abc;dfe;123
ury;odi;678
abc;dfe;123
ury;odi;678
kjf;ort;748
orc;lox;0987
abc;dfe;123
ury;odi;678
abc;dfe;123
ury;odi;678
abc;dfe;123
ury;odi;678
kjf;ort;748
orc;lox;0987
